device_id,owner_address,timestamp,application_type,signal_strength_dbm,latency_ms,required_bandwidth_mbps,allocated_bandwidth_mbps,resource_utilization,encrypted_data,data_hash
did:lcore:cell-tower-tower-5,PLACEHOLDER_FOR_CARTESI,1693735200,Video_Call,-75.0,30.0,10.0,15.0,70.0,CARTESI_GENERATED,CARTESI_GENERATED
did:lcore:cell-tower-tower-6,PLACEHOLDER_FOR_CARTESI,1693735200,Voice_Call,-80.0,20.0,0.1,0.12,80.0,CARTESI_GENERATED,CARTESI_GENERATED
did:lcore:cell-tower-tower-4,PLACEHOLDER_FOR_CARTESI,1693735200,Streaming,-85.0,40.0,5.0,6.0,75.0,CARTESI_GENERATED,CARTESI_GENERATED
did:lcore:cell-tower-tower-2,PLACEHOLDER_FOR_CARTESI,1693735200,Emergency_Service,-70.0,10.0,1.0,1.5,90.0,CARTESI_GENERATED,CARTESI_GENERATED
did:lcore:cell-tower-tower-6,PLACEHOLDER_FOR_CARTESI,1693735200,Online_Gaming,-78.0,25.0,2.0,3.0,85.0,CARTESI_GENERATED,CARTESI_GENERATED
did:lcore:cell-tower-tower-7,PLACEHOLDER_FOR_CARTESI,1693735200,Background_Download,-90.0,50.0,0.5,0.55,70.0,CARTESI_GENERATED,CARTESI_GENERATED
did:lcore:cell-tower-tower-8,PLACEHOLDER_FOR_CARTESI,1693735200,Web_Browsing,-88.0,30.0,1.0,1.0,60.0,CARTESI_GENERATED,CARTESI_GENERATED
did:lcore:cell-tower-tower-9,PLACEHOLDER_FOR_CARTESI,1693735200,IoT_Temperature,-95.0,100.0,0.01,0.015,50.0,CARTESI_GENERATED,CARTESI_GENERATED
did:lcore:cell-tower-tower-4,PLACEHOLDER_FOR_CARTESI,1693735200,Video_Streaming,-82.0,35.0,3.0,3.5,80.0,CARTESI_GENERATED,CARTESI_GENERATED
did:lcore:cell-tower-tower-5,PLACEHOLDER_FOR_CARTESI,1693735200,File_Download,-75.0,45.0,2.0,2.0,70.0,CARTESI_GENERATED,CARTESI_GENERATED
did:lcore:cell-tower-tower-6,PLACEHOLDER_FOR_CARTESI,1693735200,Video_Call,-76.0,32.0,12.0,14.0,70.0,CARTESI_GENERATED,CARTESI_GENERATED
did:lcore:cell-tower-tower-4,PLACEHOLDER_FOR_CARTESI,1693735200,Online_Gaming,-79.0,24.0,2.5,2.8,75.0,CARTESI_GENERATED,CARTESI_GENERATED
did:lcore:cell-tower-tower-8,PLACEHOLDER_FOR_CARTESI,1693735200,Web_Browsing,-87.0,28.0,1.2,1.2,65.0,CARTESI_GENERATED,CARTESI_GENERATED
did:lcore:cell-tower-tower-6,PLACEHOLDER_FOR_CARTESI,1693735200,VoIP_Call,-81.0,22.0,0.15,0.17,85.0,CARTESI_GENERATED,CARTESI_GENERATED
did:lcore:cell-tower-tower-4,PLACEHOLDER_FOR_CARTESI,1693735200,Video_Call,-74.0,29.0,10.0,12.0,60.0,CARTESI_GENERATED,CARTESI_GENERATED
did:lcore:cell-tower-tower-5,PLACEHOLDER_FOR_CARTESI,1693735200,Streaming,-84.0,38.0,4.5,5.0,70.0,CARTESI_GENERATED,CARTESI_GENERATED
did:lcore:cell-tower-tower-3,PLACEHOLDER_FOR_CARTESI,1693735200,Emergency_Service,-69.0,9.0,1.2,1.3,80.0,CARTESI_GENERATED,CARTESI_GENERATED
did:lcore:cell-tower-tower-7,PLACEHOLDER_FOR_CARTESI,1693735200,Background_Download,-91.0,48.0,0.6,0.6,55.0,CARTESI_GENERATED,CARTESI_GENERATED
did:lcore:cell-tower-tower-8,PLACEHOLDER_FOR_CARTESI,1693735200,IoT_Temperature,-96.0,105.0,0.008,0.009,70.0,CARTESI_GENERATED,CARTESI_GENERATED
did:lcore:cell-tower-tower-6,PLACEHOLDER_FOR_CARTESI,1693735200,Video_Streaming,-83.0,34.0,3.2,3.5,75.0,CARTESI_GENERATED,CARTESI_GENERATED
did:lcore:cell-tower-tower-4,PLACEHOLDER_FOR_CARTESI,1693735200,Video_Call,-77.0,31.0,11.0,13.0,75.0,CARTESI_GENERATED,CARTESI_GENERATED
did:lcore:cell-tower-tower-5,PLACEHOLDER_FOR_CARTESI,1693735200,Online_Gaming,-80.0,23.0,2.2,2.5,80.0,CARTESI_GENERATED,CARTESI_GENERATED
did:lcore:cell-tower-tower-9,PLACEHOLDER_FOR_CARTESI,1693735200,Web_Browsing,-86.0,29.0,1.4,1.4,70.0,CARTESI_GENERATED,CARTESI_GENERATED
did:lcore:cell-tower-tower-4,PLACEHOLDER_FOR_CARTESI,1693735200,VoIP_Call,-82.0,21.0,0.16,0.18,90.0,CARTESI_GENERATED,CARTESI_GENERATED
did:lcore:cell-tower-tower-5,PLACEHOLDER_FOR_CARTESI,1693735200,Video_Call,-73.0,28.0,10.5,12.5,75.0,CARTESI_GENERATED,CARTESI_GENERATED
did:lcore:cell-tower-tower-6,PLACEHOLDER_FOR_CARTESI,1693735200,Streaming,-83.0,37.0,4.2,4.8,85.0,CARTESI_GENERATED,CARTESI_GENERATED
did:lcore:cell-tower-tower-1,PLACEHOLDER_FOR_CARTESI,1693735200,Emergency_Service,-68.0,8.0,1.1,1.2,70.0,CARTESI_GENERATED,CARTESI_GENERATED
did:lcore:cell-tower-tower-8,PLACEHOLDER_FOR_CARTESI,1693735200,Background_Download,-92.0,47.0,0.62,0.62,60.0,CARTESI_GENERATED,CARTESI_GENERATED
did:lcore:cell-tower-tower-9,PLACEHOLDER_FOR_CARTESI,1693735200,IoT_Temperature,-97.0,110.0,0.007,0.008,65.0,CARTESI_GENERATED,CARTESI_GENERATED
did:lcore:cell-tower-tower-4,PLACEHOLDER_FOR_CARTESI,1693735200,Video_Streaming,-84.0,33.0,3.4,3.7,70.0,CARTESI_GENERATED,CARTESI_GENERATED
did:lcore:cell-tower-tower-5,PLACEHOLDER_FOR_CARTESI,1693735200,Video_Call,-78.0,30.0,10.2,12.2,75.0,CARTESI_GENERATED,CARTESI_GENERATED
did:lcore:cell-tower-tower-6,PLACEHOLDER_FOR_CARTESI,1693735200,Online_Gaming,-79.0,24.0,2.3,2.6,80.0,CARTESI_GENERATED,CARTESI_GENERATED
did:lcore:cell-tower-tower-7,PLACEHOLDER_FOR_CARTESI,1693735200,Web_Browsing,-88.0,27.0,1.3,1.3,70.0,CARTESI_GENERATED,CARTESI_GENERATED
did:lcore:cell-tower-tower-5,PLACEHOLDER_FOR_CARTESI,1693735200,VoIP_Call,-83.0,20.0,0.17,0.19,90.0,CARTESI_GENERATED,CARTESI_GENERATED
did:lcore:cell-tower-tower-6,PLACEHOLDER_FOR_CARTESI,1693735200,Video_Call,-72.0,27.0,10.8,12.8,75.0,CARTESI_GENERATED,CARTESI_GENERATED
did:lcore:cell-tower-tower-4,PLACEHOLDER_FOR_CARTESI,1693735200,Streaming,-82.0,36.0,4.0,4.6,85.0,CARTESI_GENERATED,CARTESI_GENERATED
did:lcore:cell-tower-tower-2,PLACEHOLDER_FOR_CARTESI,1693735200,Emergency_Service,-67.0,7.0,1.0,1.1,70.0,CARTESI_GENERATED,CARTESI_GENERATED
did:lcore:cell-tower-tower-9,PLACEHOLDER_FOR_CARTESI,1693735200,Background_Download,-93.0,46.0,0.63,0.63,60.0,CARTESI_GENERATED,CARTESI_GENERATED
did:lcore:cell-tower-tower-7,PLACEHOLDER_FOR_CARTESI,1693735200,IoT_Temperature,-98.0,105.0,0.006,0.007,65.0,CARTESI_GENERATED,CARTESI_GENERATED
did:lcore:cell-tower-tower-5,PLACEHOLDER_FOR_CARTESI,1693735200,Video_Streaming,-85.0,32.0,3.5,3.8,70.0,CARTESI_GENERATED,CARTESI_GENERATED
did:lcore:cell-tower-tower-6,PLACEHOLDER_FOR_CARTESI,1693735200,Video_Call,-79.0,29.0,10.5,12.3,70.0,CARTESI_GENERATED,CARTESI_GENERATED
did:lcore:cell-tower-tower-4,PLACEHOLDER_FOR_CARTESI,1693735200,Online_Gaming,-78.0,25.0,2.4,2.7,75.0,CARTESI_GENERATED,CARTESI_GENERATED
did:lcore:cell-tower-tower-8,PLACEHOLDER_FOR_CARTESI,1693735200,Web_Browsing,-87.0,28.0,1.2,1.2,70.0,CARTESI_GENERATED,CARTESI_GENERATED
did:lcore:cell-tower-tower-6,PLACEHOLDER_FOR_CARTESI,1693735200,VoIP_Call,-84.0,20.0,0.165,0.185,90.0,CARTESI_GENERATED,CARTESI_GENERATED
did:lcore:cell-tower-tower-4,PLACEHOLDER_FOR_CARTESI,1693735200,Video_Call,-71.0,26.0,10.2,12.6,80.0,CARTESI_GENERATED,CARTESI_GENERATED
did:lcore:cell-tower-tower-5,PLACEHOLDER_FOR_CARTESI,1693735200,Streaming,-81.0,35.0,3.8,4.4,85.0,CARTESI_GENERATED,CARTESI_GENERATED
did:lcore:cell-tower-tower-3,PLACEHOLDER_FOR_CARTESI,1693735200,Emergency_Service,-66.0,7.0,1.1,1.2,70.0,CARTESI_GENERATED,CARTESI_GENERATED
did:lcore:cell-tower-tower-7,PLACEHOLDER_FOR_CARTESI,1693735200,Background_Download,-94.0,45.0,0.64,0.64,60.0,CARTESI_GENERATED,CARTESI_GENERATED
did:lcore:cell-tower-tower-8,PLACEHOLDER_FOR_CARTESI,1693735200,IoT_Temperature,-99.0,104.0,0.005,0.006,65.0,CARTESI_GENERATED,CARTESI_GENERATED
did:lcore:cell-tower-tower-9,PLACEHOLDER_FOR_CARTESI,1693735200,Video_Streaming,-86.0,31.0,3.6,3.9,70.0,CARTESI_GENERATED,CARTESI_GENERATED
did:lcore:cell-tower-tower-4,PLACEHOLDER_FOR_CARTESI,1693735260,Video_Call,-80.0,30.0,11.0,12.5,80.0,CARTESI_GENERATED,CARTESI_GENERATED
did:lcore:cell-tower-tower-5,PLACEHOLDER_FOR_CARTESI,1693735260,Online_Gaming,-77.0,24.0,2.6,2.9,85.0,CARTESI_GENERATED,CARTESI_GENERATED
did:lcore:cell-tower-tower-9,PLACEHOLDER_FOR_CARTESI,1693735260,Web_Browsing,-89.0,27.0,1.1,1.1,70.0,CARTESI_GENERATED,CARTESI_GENERATED
did:lcore:cell-tower-tower-4,PLACEHOLDER_FOR_CARTESI,1693735260,VoIP_Call,-85.0,21.0,0.16,0.19,90.0,CARTESI_GENERATED,CARTESI_GENERATED
did:lcore:cell-tower-tower-2,PLACEHOLDER_FOR_CARTESI,1693735260,Video_Call,-70.0,27.0,10.7,12.3,75.0,CARTESI_GENERATED,CARTESI_GENERATED
did:lcore:cell-tower-tower-6,PLACEHOLDER_FOR_CARTESI,1693735260,Streaming,-80.0,35.0,4.1,4.7,85.0,CARTESI_GENERATED,CARTESI_GENERATED
did:lcore:cell-tower-tower-1,PLACEHOLDER_FOR_CARTESI,1693735260,Emergency_Service,-65.0,8.0,1.0,1.1,70.0,CARTESI_GENERATED,CARTESI_GENERATED
did:lcore:cell-tower-tower-8,PLACEHOLDER_FOR_CARTESI,1693735260,Background_Download,-95.0,46.0,0.65,0.65,60.0,CARTESI_GENERATED,CARTESI_GENERATED
did:lcore:cell-tower-tower-9,PLACEHOLDER_FOR_CARTESI,1693735260,IoT_Temperature,-100.0,103.0,0.004,0.005,75.0,CARTESI_GENERATED,CARTESI_GENERATED
did:lcore:cell-tower-tower-7,PLACEHOLDER_FOR_CARTESI,1693735260,Video_Streaming,-87.0,32.0,3.7,4.0,70.0,CARTESI_GENERATED,CARTESI_GENERATED
did:lcore:cell-tower-tower-5,PLACEHOLDER_FOR_CARTESI,1693735260,Video_Call,-81.0,29.0,10.3,12.1,70.0,CARTESI_GENERATED,CARTESI_GENERATED
did:lcore:cell-tower-tower-6,PLACEHOLDER_FOR_CARTESI,1693735260,Online_Gaming,-76.0,23.0,2.7,3.0,80.0,CARTESI_GENERATED,CARTESI_GENERATED
did:lcore:cell-tower-tower-7,PLACEHOLDER_FOR_CARTESI,1693735260,Web_Browsing,-90.0,26.0,1.0,1.0,70.0,CARTESI_GENERATED,CARTESI_GENERATED
did:lcore:cell-tower-tower-8,PLACEHOLDER_FOR_CARTESI,1693735260,VoIP_Call,-86.0,20.0,0.155,0.18,90.0,CARTESI_GENERATED,CARTESI_GENERATED
did:lcore:cell-tower-tower-3,PLACEHOLDER_FOR_CARTESI,1693735260,Video_Call,-69.0,26.0,10.9,12.4,75.0,CARTESI_GENERATED,CARTESI_GENERATED
did:lcore:cell-tower-tower-4,PLACEHOLDER_FOR_CARTESI,1693735260,Streaming,-79.0,34.0,4.3,4.9,85.0,CARTESI_GENERATED,CARTESI_GENERATED
did:lcore:cell-tower-tower-2,PLACEHOLDER_FOR_CARTESI,1693735260,Emergency_Service,-64.0,7.0,1.0,1.1,70.0,CARTESI_GENERATED,CARTESI_GENERATED
did:lcore:cell-tower-tower-9,PLACEHOLDER_FOR_CARTESI,1693735260,Background_Download,-96.0,45.0,0.66,0.66,60.0,CARTESI_GENERATED,CARTESI_GENERATED
did:lcore:cell-tower-tower-7,PLACEHOLDER_FOR_CARTESI,1693735260,IoT_Temperature,-101.0,102.0,0.003,0.004,75.0,CARTESI_GENERATED,CARTESI_GENERATED
did:lcore:cell-tower-tower-8,PLACEHOLDER_FOR_CARTESI,1693735260,Video_Streaming,-88.0,31.0,3.8,4.1,70.0,CARTESI_GENERATED,CARTESI_GENERATED
did:lcore:cell-tower-tower-6,PLACEHOLDER_FOR_CARTESI,1693735260,Video_Call,-82.0,28.0,10.7,12.2,70.0,CARTESI_GENERATED,CARTESI_GENERATED
did:lcore:cell-tower-tower-4,PLACEHOLDER_FOR_CARTESI,1693735260,Online_Gaming,-75.0,22.0,2.8,3.1,80.0,CARTESI_GENERATED,CARTESI_GENERATED
did:lcore:cell-tower-tower-8,PLACEHOLDER_FOR_CARTESI,1693735260,Web_Browsing,-91.0,25.0,0.9,0.9,70.0,CARTESI_GENERATED,CARTESI_GENERATED
did:lcore:cell-tower-tower-9,PLACEHOLDER_FOR_CARTESI,1693735260,VoIP_Call,-87.0,19.0,0.15,0.175,90.0,CARTESI_GENERATED,CARTESI_GENERATED
did:lcore:cell-tower-tower-1,PLACEHOLDER_FOR_CARTESI,1693735260,Video_Call,-68.0,25.0,11.0,12.5,75.0,CARTESI_GENERATED,CARTESI_GENERATED
did:lcore:cell-tower-tower-5,PLACEHOLDER_FOR_CARTESI,1693735260,Streaming,-78.0,33.0,4.4,5.0,85.0,CARTESI_GENERATED,CARTESI_GENERATED
did:lcore:cell-tower-tower-3,PLACEHOLDER_FOR_CARTESI,1693735260,Emergency_Service,-63.0,6.0,0.9,1.0,70.0,CARTESI_GENERATED,CARTESI_GENERATED
did:lcore:cell-tower-tower-7,PLACEHOLDER_FOR_CARTESI,1693735260,Background_Download,-97.0,44.0,0.67,0.67,60.0,CARTESI_GENERATED,CARTESI_GENERATED
did:lcore:cell-tower-tower-8,PLACEHOLDER_FOR_CARTESI,1693735260,IoT_Temperature,-102.0,101.0,0.002,0.003,75.0,CARTESI_GENERATED,CARTESI_GENERATED
did:lcore:cell-tower-tower-9,PLACEHOLDER_FOR_CARTESI,1693735260,Video_Streaming,-89.0,30.0,3.9,4.2,70.0,CARTESI_GENERATED,CARTESI_GENERATED
did:lcore:cell-tower-tower-4,PLACEHOLDER_FOR_CARTESI,1693735260,Video_Call,-83.0,27.0,10.8,12.0,70.0,CARTESI_GENERATED,CARTESI_GENERATED
did:lcore:cell-tower-tower-5,PLACEHOLDER_FOR_CARTESI,1693735260,Online_Gaming,-74.0,21.0,2.9,3.2,80.0,CARTESI_GENERATED,CARTESI_GENERATED
did:lcore:cell-tower-tower-9,PLACEHOLDER_FOR_CARTESI,1693735260,Web_Browsing,-92.0,24.0,0.8,0.8,70.0,CARTESI_GENERATED,CARTESI_GENERATED
did:lcore:cell-tower-tower-7,PLACEHOLDER_FOR_CARTESI,1693735260,VoIP_Call,-88.0,18.0,0.145,0.17,90.0,CARTESI_GENERATED,CARTESI_GENERATED
did:lcore:cell-tower-tower-2,PLACEHOLDER_FOR_CARTESI,1693735260,Video_Call,-67.0,24.0,11.2,12.8,75.0,CARTESI_GENERATED,CARTESI_GENERATED
did:lcore:cell-tower-tower-6,PLACEHOLDER_FOR_CARTESI,1693735260,Streaming,-77.0,32.0,4.5,5.1,85.0,CARTESI_GENERATED,CARTESI_GENERATED
did:lcore:cell-tower-tower-1,PLACEHOLDER_FOR_CARTESI,1693735260,Emergency_Service,-62.0,6.0,0.8,0.9,70.0,CARTESI_GENERATED,CARTESI_GENERATED
did:lcore:cell-tower-tower-8,PLACEHOLDER_FOR_CARTESI,1693735260,Background_Download,-98.0,43.0,0.68,0.68,60.0,CARTESI_GENERATED,CARTESI_GENERATED
did:lcore:cell-tower-tower-9,PLACEHOLDER_FOR_CARTESI,1693735260,IoT_Temperature,-103.0,100.0,0.001,0.002,75.0,CARTESI_GENERATED,CARTESI_GENERATED
did:lcore:cell-tower-tower-7,PLACEHOLDER_FOR_CARTESI,1693735260,Video_Streaming,-90.0,29.0,4.0,4.3,70.0,CARTESI_GENERATED,CARTESI_GENERATED
did:lcore:cell-tower-tower-5,PLACEHOLDER_FOR_CARTESI,1693735260,Video_Call,-84.0,26.0,10.9,12.1,70.0,CARTESI_GENERATED,CARTESI_GENERATED
did:lcore:cell-tower-tower-6,PLACEHOLDER_FOR_CARTESI,1693735260,Online_Gaming,-73.0,20.0,3.0,3.3,80.0,CARTESI_GENERATED,CARTESI_GENERATED
did:lcore:cell-tower-tower-7,PLACEHOLDER_FOR_CARTESI,1693735260,Web_Browsing,-93.0,23.0,0.7,0.7,70.0,CARTESI_GENERATED,CARTESI_GENERATED
did:lcore:cell-tower-tower-8,PLACEHOLDER_FOR_CARTESI,1693735260,VoIP_Call,-89.0,17.0,0.14,0.165,90.0,CARTESI_GENERATED,CARTESI_GENERATED
did:lcore:cell-tower-tower-3,PLACEHOLDER_FOR_CARTESI,1693735260,Video_Call,-66.0,23.0,11.4,12.7,75.0,CARTESI_GENERATED,CARTESI_GENERATED
did:lcore:cell-tower-tower-4,PLACEHOLDER_FOR_CARTESI,1693735260,Streaming,-76.0,31.0,4.6,5.2,85.0,CARTESI_GENERATED,CARTESI_GENERATED
did:lcore:cell-tower-tower-2,PLACEHOLDER_FOR_CARTESI,1693735260,Emergency_Service,-61.0,6.0,0.7,0.8,70.0,CARTESI_GENERATED,CARTESI_GENERATED
did:lcore:cell-tower-tower-9,PLACEHOLDER_FOR_CARTESI,1693735260,Background_Download,-99.0,42.0,0.69,0.69,60.0,CARTESI_GENERATED,CARTESI_GENERATED
did:lcore:cell-tower-tower-7,PLACEHOLDER_FOR_CARTESI,1693735260,IoT_Temperature,-104.0,99.0,0.001,0.002,75.0,CARTESI_GENERATED,CARTESI_GENERATED
did:lcore:cell-tower-tower-8,PLACEHOLDER_FOR_CARTESI,1693735260,Video_Streaming,-91.0,28.0,4.1,4.4,70.0,CARTESI_GENERATED,CARTESI_GENERATED
did:lcore:cell-tower-tower-9,PLACEHOLDER_FOR_CARTESI,1693735260,VoIP_Call,-86.0,18.0,0.155,0.18,90.0,CARTESI_GENERATED,CARTESI_GENERATED
did:lcore:cell-tower-tower-4,PLACEHOLDER_FOR_CARTESI,1693735260,Online_Gaming,-74.0,22.0,2.9,3.2,80.0,CARTESI_GENERATED,CARTESI_GENERATED
did:lcore:cell-tower-tower-8,PLACEHOLDER_FOR_CARTESI,1693735260,Web_Browsing,-92.0,25.0,0.8,0.8,70.0,CARTESI_GENERATED,CARTESI_GENERATED
did:lcore:cell-tower-tower-3,PLACEHOLDER_FOR_CARTESI,1693735260,Video_Call,-67.0,24.0,11.2,12.5,75.0,CARTESI_GENERATED,CARTESI_GENERATED
did:lcore:cell-tower-tower-4,PLACEHOLDER_FOR_CARTESI,1693735260,Streaming,-77.0,32.0,4.5,5.1,85.0,CARTESI_GENERATED,CARTESI_GENERATED
did:lcore:cell-tower-tower-2,PLACEHOLDER_FOR_CARTESI,1693735260,Emergency_Service,-62.0,6.0,0.8,0.9,70.0,CARTESI_GENERATED,CARTESI_GENERATED
did:lcore:cell-tower-tower-9,PLACEHOLDER_FOR_CARTESI,1693735260,Background_Download,-97.0,44.0,0.67,0.67,60.0,CARTESI_GENERATED,CARTESI_GENERATED
did:lcore:cell-tower-tower-7,PLACEHOLDER_FOR_CARTESI,1693735260,IoT_Temperature,-103.0,100.0,0.001,0.002,75.0,CARTESI_GENERATED,CARTESI_GENERATED
did:lcore:cell-tower-tower-8,PLACEHOLDER_FOR_CARTESI,1693735260,Video_Streaming,-90.0,29.0,4.0,4.3,70.0,CARTESI_GENERATED,CARTESI_GENERATED
did:lcore:cell-tower-tower-6,PLACEHOLDER_FOR_CARTESI,1693735260,VoIP_Call,-85.0,19.0,0.15,0.175,90.0,CARTESI_GENERATED,CARTESI_GENERATED
did:lcore:cell-tower-tower-4,PLACEHOLDER_FOR_CARTESI,1693735320,Video_Call,-83.0,27.0,10.8,12.0,70.0,CARTESI_GENERATED,CARTESI_GENERATED
did:lcore:cell-tower-tower-5,PLACEHOLDER_FOR_CARTESI,1693735320,Online_Gaming,-72.0,21.0,3.1,3.4,80.0,CARTESI_GENERATED,CARTESI_GENERATED
did:lcore:cell-tower-tower-9,PLACEHOLDER_FOR_CARTESI,1693735320,Web_Browsing,-94.0,24.0,0.7,0.7,70.0,CARTESI_GENERATED,CARTESI_GENERATED
did:lcore:cell-tower-tower-7,PLACEHOLDER_FOR_CARTESI,1693735320,VoIP_Call,-88.0,18.0,0.145,0.17,90.0,CARTESI_GENERATED,CARTESI_GENERATED
did:lcore:cell-tower-tower-2,PLACEHOLDER_FOR_CARTESI,1693735320,Video_Call,-68.0,25.0,11.4,12.7,75.0,CARTESI_GENERATED,CARTESI_GENERATED
did:lcore:cell-tower-tower-6,PLACEHOLDER_FOR_CARTESI,1693735320,Streaming,-76.0,31.0,4.6,5.2,85.0,CARTESI_GENERATED,CARTESI_GENERATED
did:lcore:cell-tower-tower-1,PLACEHOLDER_FOR_CARTESI,1693735320,Emergency_Service,-61.0,6.0,0.7,0.8,70.0,CARTESI_GENERATED,CARTESI_GENERATED
did:lcore:cell-tower-tower-8,PLACEHOLDER_FOR_CARTESI,1693735320,Background_Download,-98.0,43.0,0.68,0.68,60.0,CARTESI_GENERATED,CARTESI_GENERATED
did:lcore:cell-tower-tower-9,PLACEHOLDER_FOR_CARTESI,1693735320,IoT_Temperature,-102.0,99.0,0.001,0.002,75.0,CARTESI_GENERATED,CARTESI_GENERATED
did:lcore:cell-tower-tower-7,PLACEHOLDER_FOR_CARTESI,1693735320,Video_Streaming,-89.0,30.0,4.1,4.4,70.0,CARTESI_GENERATED,CARTESI_GENERATED
did:lcore:cell-tower-tower-8,PLACEHOLDER_FOR_CARTESI,1693735320,VoIP_Call,-86.0,19.0,0.155,0.18,90.0,CARTESI_GENERATED,CARTESI_GENERATED
did:lcore:cell-tower-tower-6,PLACEHOLDER_FOR_CARTESI,1693735320,Online_Gaming,-74.0,22.0,2.9,3.2,80.0,CARTESI_GENERATED,CARTESI_GENERATED
did:lcore:cell-tower-tower-7,PLACEHOLDER_FOR_CARTESI,1693735320,Web_Browsing,-92.0,25.0,0.8,0.8,70.0,CARTESI_GENERATED,CARTESI_GENERATED
did:lcore:cell-tower-tower-2,PLACEHOLDER_FOR_CARTESI,1693735320,Video_Call,-67.0,24.0,11.2,12.5,75.0,CARTESI_GENERATED,CARTESI_GENERATED
did:lcore:cell-tower-tower-6,PLACEHOLDER_FOR_CARTESI,1693735320,Streaming,-77.0,32.0,4.5,5.1,85.0,CARTESI_GENERATED,CARTESI_GENERATED
did:lcore:cell-tower-tower-1,PLACEHOLDER_FOR_CARTESI,1693735320,Emergency_Service,-62.0,6.0,0.8,0.9,70.0,CARTESI_GENERATED,CARTESI_GENERATED
did:lcore:cell-tower-tower-8,PLACEHOLDER_FOR_CARTESI,1693735320,Background_Download,-97.0,44.0,0.67,0.67,60.0,CARTESI_GENERATED,CARTESI_GENERATED
did:lcore:cell-tower-tower-9,PLACEHOLDER_FOR_CARTESI,1693735320,IoT_Temperature,-103.0,100.0,0.001,0.002,75.0,CARTESI_GENERATED,CARTESI_GENERATED
did:lcore:cell-tower-tower-7,PLACEHOLDER_FOR_CARTESI,1693735320,Video_Streaming,-90.0,29.0,4.0,4.3,70.0,CARTESI_GENERATED,CARTESI_GENERATED
did:lcore:cell-tower-tower-5,PLACEHOLDER_FOR_CARTESI,1693735320,Video_Call,-85.0,19.0,0.15,0.175,90.0,CARTESI_GENERATED,CARTESI_GENERATED
did:lcore:cell-tower-tower-6,PLACEHOLDER_FOR_CARTESI,1693735320,Web_Browsing,-85.0,28.0,1.5,1.5,70.0,CARTESI_GENERATED,CARTESI_GENERATED
did:lcore:cell-tower-tower-7,PLACEHOLDER_FOR_CARTESI,1693735320,Background_Download,-99.0,46.0,0.62,0.62,60.0,CARTESI_GENERATED,CARTESI_GENERATED
did:lcore:cell-tower-tower-8,PLACEHOLDER_FOR_CARTESI,1693735320,VoIP_Call,-88.0,20.0,0.13,0.155,90.0,CARTESI_GENERATED,CARTESI_GENERATED
did:lcore:cell-tower-tower-6,PLACEHOLDER_FOR_CARTESI,1693735320,Streaming,-75.0,30.0,5.0,5.7,85.0,CARTESI_GENERATED,CARTESI_GENERATED
did:lcore:cell-tower-tower-1,PLACEHOLDER_FOR_CARTESI,1693735320,Video_Call,-66.0,26.0,11.0,12.3,75.0,CARTESI_GENERATED,CARTESI_GENERATED
did:lcore:cell-tower-tower-5,PLACEHOLDER_FOR_CARTESI,1693735320,Video_Streaming,-80.0,29.0,4.2,4.6,70.0,CARTESI_GENERATED,CARTESI_GENERATED
did:lcore:cell-tower-tower-3,PLACEHOLDER_FOR_CARTESI,1693735320,Emergency_Service,-60.0,5.0,0.9,1.0,70.0,CARTESI_GENERATED,CARTESI_GENERATED
did:lcore:cell-tower-tower-7,PLACEHOLDER_FOR_CARTESI,1693735320,Web_Browsing,-94.0,27.0,0.6,0.6,70.0,CARTESI_GENERATED,CARTESI_GENERATED
did:lcore:cell-tower-tower-8,PLACEHOLDER_FOR_CARTESI,1693735320,Background_Download,-96.0,45.0,0.66,0.66,60.0,CARTESI_GENERATED,CARTESI_GENERATED
did:lcore:cell-tower-tower-6,PLACEHOLDER_FOR_CARTESI,1693735320,Online_Gaming,-72.0,20.0,3.2,3.5,80.0,CARTESI_GENERATED,CARTESI_GENERATED
did:lcore:cell-tower-tower-4,PLACEHOLDER_FOR_CARTESI,1693735320,Streaming,-78.0,32.0,4.4,5.0,85.0,CARTESI_GENERATED,CARTESI_GENERATED
did:lcore:cell-tower-tower-2,PLACEHOLDER_FOR_CARTESI,1693735320,Video_Call,-67.0,27.0,11.1,12.4,75.0,CARTESI_GENERATED,CARTESI_GENERATED
did:lcore:cell-tower-tower-6,PLACEHOLDER_FOR_CARTESI,1693735320,Video_Streaming,-81.0,28.0,4.1,4.5,70.0,CARTESI_GENERATED,CARTESI_GENERATED
did:lcore:cell-tower-tower-1,PLACEHOLDER_FOR_CARTESI,1693735320,Emergency_Service,-59.0,5.0,0.9,1.1,70.0,CARTESI_GENERATED,CARTESI_GENERATED
did:lcore:cell-tower-tower-8,PLACEHOLDER_FOR_CARTESI,1693735320,Web_Browsing,-95.0,26.0,0.7,0.7,70.0,CARTESI_GENERATED,CARTESI_GENERATED
did:lcore:cell-tower-tower-9,PLACEHOLDER_FOR_CARTESI,1693735320,Background_Download,-95.0,47.0,0.61,0.61,60.0,CARTESI_GENERATED,CARTESI_GENERATED
did:lcore:cell-tower-tower-7,PLACEHOLDER_FOR_CARTESI,1693735320,VoIP_Call,-87.0,21.0,0.125,0.15,90.0,CARTESI_GENERATED,CARTESI_GENERATED
did:lcore:cell-tower-tower-5,PLACEHOLDER_FOR_CARTESI,1693735320,Online_Gaming,-71.0,19.0,3.3,3.6,80.0,CARTESI_GENERATED,CARTESI_GENERATED
did:lcore:cell-tower-tower-6,PLACEHOLDER_FOR_CARTESI,1693735320,Streaming,-79.0,33.0,4.3,4.8,85.0,CARTESI_GENERATED,CARTESI_GENERATED
did:lcore:cell-tower-tower-1,PLACEHOLDER_FOR_CARTESI,1693735320,Video_Call,-68.0,28.0,11.3,12.6,75.0,CARTESI_GENERATED,CARTESI_GENERATED
did:lcore:cell-tower-tower-5,PLACEHOLDER_FOR_CARTESI,1693735320,Video_Streaming,-82.0,30.0,4.0,4.4,70.0,CARTESI_GENERATED,CARTESI_GENERATED
did:lcore:cell-tower-tower-3,PLACEHOLDER_FOR_CARTESI,1693735320,Emergency_Service,-58.0,5.0,0.8,1.0,70.0,CARTESI_GENERATED,CARTESI_GENERATED
did:lcore:cell-tower-tower-7,PLACEHOLDER_FOR_CARTESI,1693735320,Web_Browsing,-96.0,25.0,0.6,0.6,70.0,CARTESI_GENERATED,CARTESI_GENERATED
did:lcore:cell-tower-tower-8,PLACEHOLDER_FOR_CARTESI,1693735320,Background_Download,-94.0,48.0,0.65,0.65,60.0,CARTESI_GENERATED,CARTESI_GENERATED
did:lcore:cell-tower-tower-9,PLACEHOLDER_FOR_CARTESI,1693735320,VoIP_Call,-86.0,22.0,0.12,0.145,90.0,CARTESI_GENERATED,CARTESI_GENERATED
did:lcore:cell-tower-tower-4,PLACEHOLDER_FOR_CARTESI,1693735320,Streaming,-80.0,31.0,4.4,4.9,85.0,CARTESI_GENERATED,CARTESI_GENERATED
did:lcore:cell-tower-tower-2,PLACEHOLDER_FOR_CARTESI,1693735320,Video_Call,-66.0,25.0,11.5,12.8,75.0,CARTESI_GENERATED,CARTESI_GENERATED
did:lcore:cell-tower-tower-6,PLACEHOLDER_FOR_CARTESI,1693735320,Video_Streaming,-83.0,31.0,4.0,4.4,70.0,CARTESI_GENERATED,CARTESI_GENERATED
did:lcore:cell-tower-tower-1,PLACEHOLDER_FOR_CARTESI,1693735320,Emergency_Service,-58.0,5.0,0.8,1.0,70.0,CARTESI_GENERATED,CARTESI_GENERATED
did:lcore:cell-tower-tower-8,PLACEHOLDER_FOR_CARTESI,1693735320,Web_Browsing,-97.0,24.0,0.5,0.5,70.0,CARTESI_GENERATED,CARTESI_GENERATED
did:lcore:cell-tower-tower-9,PLACEHOLDER_FOR_CARTESI,1693735320,Background_Download,-97.0,49.0,0.64,0.64,60.0,CARTESI_GENERATED,CARTESI_GENERATED
did:lcore:cell-tower-tower-4,PLACEHOLDER_FOR_CARTESI,1693735320,VoIP_Call,-85.0,23.0,0.115,0.14,90.0,CARTESI_GENERATED,CARTESI_GENERATED
did:lcore:cell-tower-tower-2,PLACEHOLDER_FOR_CARTESI,1693735320,Online_Gaming,-70.0,18.0,3.4,3.7,80.0,CARTESI_GENERATED,CARTESI_GENERATED
did:lcore:cell-tower-tower-6,PLACEHOLDER_FOR_CARTESI,1693735320,Streaming,-81.0,32.0,4.2,4.7,85.0,CARTESI_GENERATED,CARTESI_GENERATED
did:lcore:cell-tower-tower-1,PLACEHOLDER_FOR_CARTESI,1693735320,Video_Call,-65.0,24.0,11.6,12.9,75.0,CARTESI_GENERATED,CARTESI_GENERATED
did:lcore:cell-tower-tower-5,PLACEHOLDER_FOR_CARTESI,1693735320,Video_Streaming,-84.0,30.0,3.9,4.3,70.0,CARTESI_GENERATED,CARTESI_GENERATED
did:lcore:cell-tower-tower-3,PLACEHOLDER_FOR_CARTESI,1693735320,Emergency_Service,-57.0,5.0,0.7,0.9,70.0,CARTESI_GENERATED,CARTESI_GENERATED
did:lcore:cell-tower-tower-7,PLACEHOLDER_FOR_CARTESI,1693735320,Web_Browsing,-97.0,23.0,0.5,0.5,70.0,CARTESI_GENERATED,CARTESI_GENERATED
did:lcore:cell-tower-tower-8,PLACEHOLDER_FOR_CARTESI,1693735320,Background_Download,-98.0,50.0,0.63,0.63,60.0,CARTESI_GENERATED,CARTESI_GENERATED
did:lcore:cell-tower-tower-6,PLACEHOLDER_FOR_CARTESI,1693735320,VoIP_Call,-84.0,24.0,0.11,0.135,90.0,CARTESI_GENERATED,CARTESI_GENERATED
did:lcore:cell-tower-tower-1,PLACEHOLDER_FOR_CARTESI,1693735380,Online_Gaming,-69.0,19.0,3.5,3.8,80.0,CARTESI_GENERATED,CARTESI_GENERATED
did:lcore:cell-tower-tower-5,PLACEHOLDER_FOR_CARTESI,1693735380,Streaming,-82.0,33.0,4.1,4.6,85.0,CARTESI_GENERATED,CARTESI_GENERATED
did:lcore:cell-tower-tower-3,PLACEHOLDER_FOR_CARTESI,1693735380,Video_Call,-64.0,25.0,11.7,13.0,75.0,CARTESI_GENERATED,CARTESI_GENERATED
did:lcore:cell-tower-tower-4,PLACEHOLDER_FOR_CARTESI,1693735380,Video_Streaming,-85.0,29.0,3.8,4.2,70.0,CARTESI_GENERATED,CARTESI_GENERATED
did:lcore:cell-tower-tower-2,PLACEHOLDER_FOR_CARTESI,1693735380,Emergency_Service,-57.0,5.0,0.7,0.8,70.0,CARTESI_GENERATED,CARTESI_GENERATED
did:lcore:cell-tower-tower-9,PLACEHOLDER_FOR_CARTESI,1693735380,Web_Browsing,-98.0,22.0,0.5,0.5,70.0,CARTESI_GENERATED,CARTESI_GENERATED
did:lcore:cell-tower-tower-7,PLACEHOLDER_FOR_CARTESI,1693735380,Background_Download,-98.0,51.0,0.62,0.62,60.0,CARTESI_GENERATED,CARTESI_GENERATED
did:lcore:cell-tower-tower-5,PLACEHOLDER_FOR_CARTESI,1693735380,VoIP_Call,-83.0,25.0,0.105,0.13,90.0,CARTESI_GENERATED,CARTESI_GENERATED
did:lcore:cell-tower-tower-3,PLACEHOLDER_FOR_CARTESI,1693735380,Online_Gaming,-68.0,20.0,3.6,3.9,80.0,CARTESI_GENERATED,CARTESI_GENERATED
did:lcore:cell-tower-tower-4,PLACEHOLDER_FOR_CARTESI,1693735380,Streaming,-83.0,34.0,4.0,4.5,85.0,CARTESI_GENERATED,CARTESI_GENERATED
did:lcore:cell-tower-tower-2,PLACEHOLDER_FOR_CARTESI,1693735380,Video_Call,-63.0,26.0,11.8,13.1,75.0,CARTESI_GENERATED,CARTESI_GENERATED
did:lcore:cell-tower-tower-9,PLACEHOLDER_FOR_CARTESI,1693735380,Video_Streaming,-86.0,31.0,3.7,4.1,70.0,CARTESI_GENERATED,CARTESI_GENERATED
did:lcore:cell-tower-tower-1,PLACEHOLDER_FOR_CARTESI,1693735380,Emergency_Service,-56.0,5.0,0.7,0.8,70.0,CARTESI_GENERATED,CARTESI_GENERATED
did:lcore:cell-tower-tower-8,PLACEHOLDER_FOR_CARTESI,1693735380,Web_Browsing,-98.0,21.0,0.5,0.5,70.0,CARTESI_GENERATED,CARTESI_GENERATED
did:lcore:cell-tower-tower-9,PLACEHOLDER_FOR_CARTESI,1693735380,Background_Download,-99.0,52.0,0.61,0.61,60.0,CARTESI_GENERATED,CARTESI_GENERATED
did:lcore:cell-tower-tower-4,PLACEHOLDER_FOR_CARTESI,1693735380,VoIP_Call,-82.0,26.0,0.1,0.125,90.0,CARTESI_GENERATED,CARTESI_GENERATED
did:lcore:cell-tower-tower-2,PLACEHOLDER_FOR_CARTESI,1693735380,Online_Gaming,-67.0,21.0,3.7,4.0,80.0,CARTESI_GENERATED,CARTESI_GENERATED
did:lcore:cell-tower-tower-6,PLACEHOLDER_FOR_CARTESI,1693735380,Streaming,-84.0,35.0,3.9,4.4,85.0,CARTESI_GENERATED,CARTESI_GENERATED
did:lcore:cell-tower-tower-1,PLACEHOLDER_FOR_CARTESI,1693735380,Video_Call,-63.0,27.0,11.9,13.2,75.0,CARTESI_GENERATED,CARTESI_GENERATED
did:lcore:cell-tower-tower-8,PLACEHOLDER_FOR_CARTESI,1693735380,Video_Streaming,-87.0,32.0,3.6,4.0,70.0,CARTESI_GENERATED,CARTESI_GENERATED
did:lcore:cell-tower-tower-3,PLACEHOLDER_FOR_CARTESI,1693735380,Emergency_Service,-55.0,5.0,0.7,0.8,70.0,CARTESI_GENERATED,CARTESI_GENERATED
did:lcore:cell-tower-tower-7,PLACEHOLDER_FOR_CARTESI,1693735380,Web_Browsing,-99.0,20.0,0.4,0.4,70.0,CARTESI_GENERATED,CARTESI_GENERATED
did:lcore:cell-tower-tower-8,PLACEHOLDER_FOR_CARTESI,1693735380,Background_Download,-100.0,53.0,0.6,0.6,60.0,CARTESI_GENERATED,CARTESI_GENERATED
did:lcore:cell-tower-tower-6,PLACEHOLDER_FOR_CARTESI,1693735380,VoIP_Call,-81.0,27.0,0.095,0.12,90.0,CARTESI_GENERATED,CARTESI_GENERATED
did:lcore:cell-tower-tower-1,PLACEHOLDER_FOR_CARTESI,1693735380,Online_Gaming,-66.0,22.0,3.8,4.1,80.0,CARTESI_GENERATED,CARTESI_GENERATED
did:lcore:cell-tower-tower-5,PLACEHOLDER_FOR_CARTESI,1693735380,Streaming,-85.0,36.0,3.8,4.3,85.0,CARTESI_GENERATED,CARTESI_GENERATED
did:lcore:cell-tower-tower-3,PLACEHOLDER_FOR_CARTESI,1693735380,Video_Call,-62.0,28.0,12.0,13.3,75.0,CARTESI_GENERATED,CARTESI_GENERATED
did:lcore:cell-tower-tower-7,PLACEHOLDER_FOR_CARTESI,1693735380,Video_Streaming,-88.0,33.0,3.5,3.9,70.0,CARTESI_GENERATED,CARTESI_GENERATED
did:lcore:cell-tower-tower-2,PLACEHOLDER_FOR_CARTESI,1693735380,Emergency_Service,-54.0,5.0,0.6,0.7,70.0,CARTESI_GENERATED,CARTESI_GENERATED
did:lcore:cell-tower-tower-9,PLACEHOLDER_FOR_CARTESI,1693735380,Web_Browsing,-100.0,19.0,0.4,0.4,70.0,CARTESI_GENERATED,CARTESI_GENERATED
did:lcore:cell-tower-tower-7,PLACEHOLDER_FOR_CARTESI,1693735380,Background_Download,-100.0,54.0,0.59,0.59,60.0,CARTESI_GENERATED,CARTESI_GENERATED
did:lcore:cell-tower-tower-5,PLACEHOLDER_FOR_CARTESI,1693735380,VoIP_Call,-80.0,28.0,0.09,0.115,90.0,CARTESI_GENERATED,CARTESI_GENERATED
did:lcore:cell-tower-tower-3,PLACEHOLDER_FOR_CARTESI,1693735380,Online_Gaming,-65.0,23.0,3.9,4.2,80.0,CARTESI_GENERATED,CARTESI_GENERATED
did:lcore:cell-tower-tower-7,PLACEHOLDER_FOR_CARTESI,1693735380,Streaming,-86.0,37.0,3.7,4.2,85.0,CARTESI_GENERATED,CARTESI_GENERATED
did:lcore:cell-tower-tower-2,PLACEHOLDER_FOR_CARTESI,1693735380,Video_Call,-61.0,29.0,12.1,13.4,75.0,CARTESI_GENERATED,CARTESI_GENERATED
did:lcore:cell-tower-tower-9,PLACEHOLDER_FOR_CARTESI,1693735380,Video_Streaming,-89.0,34.0,3.4,3.8,70.0,CARTESI_GENERATED,CARTESI_GENERATED
did:lcore:cell-tower-tower-1,PLACEHOLDER_FOR_CARTESI,1693735380,Emergency_Service,-54.0,5.0,0.6,0.7,70.0,CARTESI_GENERATED,CARTESI_GENERATED
did:lcore:cell-tower-tower-8,PLACEHOLDER_FOR_CARTESI,1693735380,Web_Browsing,-101.0,18.0,0.4,0.4,70.0,CARTESI_GENERATED,CARTESI_GENERATED
did:lcore:cell-tower-tower-9,PLACEHOLDER_FOR_CARTESI,1693735380,Background_Download,-101.0,55.0,0.58,0.58,60.0,CARTESI_GENERATED,CARTESI_GENERATED
did:lcore:cell-tower-tower-4,PLACEHOLDER_FOR_CARTESI,1693735380,VoIP_Call,-79.0,29.0,0.085,0.11,90.0,CARTESI_GENERATED,CARTESI_GENERATED
did:lcore:cell-tower-tower-2,PLACEHOLDER_FOR_CARTESI,1693735380,Online_Gaming,-64.0,24.0,4.0,4.3,80.0,CARTESI_GENERATED,CARTESI_GENERATED
did:lcore:cell-tower-tower-9,PLACEHOLDER_FOR_CARTESI,1693735380,Streaming,-87.0,38.0,3.6,4.1,85.0,CARTESI_GENERATED,CARTESI_GENERATED
did:lcore:cell-tower-tower-1,PLACEHOLDER_FOR_CARTESI,1693735380,Video_Call,-60.0,30.0,12.2,13.5,75.0,CARTESI_GENERATED,CARTESI_GENERATED
did:lcore:cell-tower-tower-8,PLACEHOLDER_FOR_CARTESI,1693735380,Video_Streaming,-90.0,35.0,3.3,3.7,70.0,CARTESI_GENERATED,CARTESI_GENERATED
did:lcore:cell-tower-tower-3,PLACEHOLDER_FOR_CARTESI,1693735380,Emergency_Service,-53.0,5.0,0.6,0.6,70.0,CARTESI_GENERATED,CARTESI_GENERATED
did:lcore:cell-tower-tower-7,PLACEHOLDER_FOR_CARTESI,1693735380,Web_Browsing,-101.0,17.0,0.4,0.4,70.0,CARTESI_GENERATED,CARTESI_GENERATED
did:lcore:cell-tower-tower-8,PLACEHOLDER_FOR_CARTESI,1693735380,Background_Download,-102.0,56.0,0.57,0.57,60.0,CARTESI_GENERATED,CARTESI_GENERATED
did:lcore:cell-tower-tower-6,PLACEHOLDER_FOR_CARTESI,1693735380,VoIP_Call,-78.0,30.0,0.08,0.105,90.0,CARTESI_GENERATED,CARTESI_GENERATED
did:lcore:cell-tower-tower-1,PLACEHOLDER_FOR_CARTESI,1693735380,Online_Gaming,-63.0,25.0,4.1,4.4,80.0,CARTESI_GENERATED,CARTESI_GENERATED
did:lcore:cell-tower-tower-8,PLACEHOLDER_FOR_CARTESI,1693735380,Streaming,-88.0,39.0,3.5,4.0,85.0,CARTESI_GENERATED,CARTESI_GENERATED
did:lcore:cell-tower-tower-3,PLACEHOLDER_FOR_CARTESI,1693735380,Video_Call,-59.0,31.0,12.3,13.6,75.0,CARTESI_GENERATED,CARTESI_GENERATED
did:lcore:cell-tower-tower-7,PLACEHOLDER_FOR_CARTESI,1693735380,Video_Streaming,-91.0,36.0,3.2,3.6,70.0,CARTESI_GENERATED,CARTESI_GENERATED
did:lcore:cell-tower-tower-2,PLACEHOLDER_FOR_CARTESI,1693735380,Emergency_Service,-53.0,5.0,0.6,0.6,70.0,CARTESI_GENERATED,CARTESI_GENERATED
did:lcore:cell-tower-tower-9,PLACEHOLDER_FOR_CARTESI,1693735380,Web_Browsing,-102.0,16.0,0.4,0.4,70.0,CARTESI_GENERATED,CARTESI_GENERATED
did:lcore:cell-tower-tower-7,PLACEHOLDER_FOR_CARTESI,1693735380,Background_Download,-102.0,57.0,0.56,0.56,60.0,CARTESI_GENERATED,CARTESI_GENERATED
did:lcore:cell-tower-tower-5,PLACEHOLDER_FOR_CARTESI,1693735380,VoIP_Call,-77.0,31.0,0.075,0.1,90.0,CARTESI_GENERATED,CARTESI_GENERATED
did:lcore:cell-tower-tower-3,PLACEHOLDER_FOR_CARTESI,1693735380,Online_Gaming,-62.0,26.0,4.2,4.5,80.0,CARTESI_GENERATED,CARTESI_GENERATED
did:lcore:cell-tower-tower-7,PLACEHOLDER_FOR_CARTESI,1693735380,Streaming,-89.0,40.0,3.4,3.9,85.0,CARTESI_GENERATED,CARTESI_GENERATED
did:lcore:cell-tower-tower-2,PLACEHOLDER_FOR_CARTESI,1693735380,Video_Call,-58.0,32.0,12.4,13.7,75.0,CARTESI_GENERATED,CARTESI_GENERATED
did:lcore:cell-tower-tower-9,PLACEHOLDER_FOR_CARTESI,1693735380,Video_Streaming,-92.0,37.0,3.1,3.5,70.0,CARTESI_GENERATED,CARTESI_GENERATED
did:lcore:cell-tower-tower-1,PLACEHOLDER_FOR_CARTESI,1693735440,Emergency_Service,-52.0,5.0,0.6,0.6,70.0,CARTESI_GENERATED,CARTESI_GENERATED
did:lcore:cell-tower-tower-8,PLACEHOLDER_FOR_CARTESI,1693735440,Web_Browsing,-102.0,15.0,0.3,0.3,70.0,CARTESI_GENERATED,CARTESI_GENERATED
did:lcore:cell-tower-tower-9,PLACEHOLDER_FOR_CARTESI,1693735440,Background_Download,-103.0,58.0,0.55,0.55,60.0,CARTESI_GENERATED,CARTESI_GENERATED
did:lcore:cell-tower-tower-4,PLACEHOLDER_FOR_CARTESI,1693735440,VoIP_Call,-76.0,32.0,0.07,0.095,90.0,CARTESI_GENERATED,CARTESI_GENERATED
did:lcore:cell-tower-tower-2,PLACEHOLDER_FOR_CARTESI,1693735440,Online_Gaming,-61.0,27.0,4.3,4.6,80.0,CARTESI_GENERATED,CARTESI_GENERATED
did:lcore:cell-tower-tower-9,PLACEHOLDER_FOR_CARTESI,1693735440,Streaming,-90.0,41.0,3.3,3.8,85.0,CARTESI_GENERATED,CARTESI_GENERATED
did:lcore:cell-tower-tower-1,PLACEHOLDER_FOR_CARTESI,1693735440,Video_Call,-57.0,33.0,12.5,13.8,75.0,CARTESI_GENERATED,CARTESI_GENERATED
did:lcore:cell-tower-tower-8,PLACEHOLDER_FOR_CARTESI,1693735440,Video_Streaming,-93.0,38.0,3.0,3.4,70.0,CARTESI_GENERATED,CARTESI_GENERATED
did:lcore:cell-tower-tower-3,PLACEHOLDER_FOR_CARTESI,1693735440,Emergency_Service,-52.0,5.0,0.6,0.6,70.0,CARTESI_GENERATED,CARTESI_GENERATED
did:lcore:cell-tower-tower-7,PLACEHOLDER_FOR_CARTESI,1693735440,Web_Browsing,-103.0,14.0,0.3,0.3,70.0,CARTESI_GENERATED,CARTESI_GENERATED
did:lcore:cell-tower-tower-8,PLACEHOLDER_FOR_CARTESI,1693735440,Background_Download,-104.0,59.0,0.54,0.54,60.0,CARTESI_GENERATED,CARTESI_GENERATED
did:lcore:cell-tower-tower-6,PLACEHOLDER_FOR_CARTESI,1693735440,VoIP_Call,-75.0,33.0,0.065,0.09,90.0,CARTESI_GENERATED,CARTESI_GENERATED
did:lcore:cell-tower-tower-1,PLACEHOLDER_FOR_CARTESI,1693735440,Online_Gaming,-60.0,28.0,4.4,4.7,80.0,CARTESI_GENERATED,CARTESI_GENERATED
did:lcore:cell-tower-tower-8,PLACEHOLDER_FOR_CARTESI,1693735440,Streaming,-91.0,42.0,3.2,3.7,85.0,CARTESI_GENERATED,CARTESI_GENERATED
did:lcore:cell-tower-tower-3,PLACEHOLDER_FOR_CARTESI,1693735440,Video_Call,-56.0,34.0,12.6,13.9,75.0,CARTESI_GENERATED,CARTESI_GENERATED
did:lcore:cell-tower-tower-7,PLACEHOLDER_FOR_CARTESI,1693735440,Video_Streaming,-94.0,39.0,2.9,3.3,70.0,CARTESI_GENERATED,CARTESI_GENERATED
did:lcore:cell-tower-tower-2,PLACEHOLDER_FOR_CARTESI,1693735440,Emergency_Service,-51.0,5.0,0.6,0.6,70.0,CARTESI_GENERATED,CARTESI_GENERATED
did:lcore:cell-tower-tower-9,PLACEHOLDER_FOR_CARTESI,1693735440,Web_Browsing,-103.0,13.0,0.3,0.3,70.0,CARTESI_GENERATED,CARTESI_GENERATED
did:lcore:cell-tower-tower-7,PLACEHOLDER_FOR_CARTESI,1693735440,Background_Download,-105.0,60.0,0.53,0.53,60.0,CARTESI_GENERATED,CARTESI_GENERATED
did:lcore:cell-tower-tower-5,PLACEHOLDER_FOR_CARTESI,1693735440,VoIP_Call,-74.0,34.0,0.06,0.085,90.0,CARTESI_GENERATED,CARTESI_GENERATED
did:lcore:cell-tower-tower-3,PLACEHOLDER_FOR_CARTESI,1693735440,Online_Gaming,-59.0,29.0,4.5,4.8,80.0,CARTESI_GENERATED,CARTESI_GENERATED
did:lcore:cell-tower-tower-7,PLACEHOLDER_FOR_CARTESI,1693735440,Streaming,-92.0,43.0,3.1,3.6,85.0,CARTESI_GENERATED,CARTESI_GENERATED
did:lcore:cell-tower-tower-2,PLACEHOLDER_FOR_CARTESI,1693735440,Video_Call,-55.0,35.0,12.7,14.0,75.0,CARTESI_GENERATED,CARTESI_GENERATED
did:lcore:cell-tower-tower-9,PLACEHOLDER_FOR_CARTESI,1693735440,Video_Streaming,-95.0,40.0,2.8,3.2,70.0,CARTESI_GENERATED,CARTESI_GENERATED
did:lcore:cell-tower-tower-1,PLACEHOLDER_FOR_CARTESI,1693735440,Emergency_Service,-50.0,5.0,0.6,0.6,70.0,CARTESI_GENERATED,CARTESI_GENERATED
did:lcore:cell-tower-tower-8,PLACEHOLDER_FOR_CARTESI,1693735440,Web_Browsing,-104.0,12.0,0.2,0.2,70.0,CARTESI_GENERATED,CARTESI_GENERATED
did:lcore:cell-tower-tower-9,PLACEHOLDER_FOR_CARTESI,1693735440,Background_Download,-106.0,61.0,0.52,0.52,60.0,CARTESI_GENERATED,CARTESI_GENERATED
did:lcore:cell-tower-tower-4,PLACEHOLDER_FOR_CARTESI,1693735440,VoIP_Call,-73.0,35.0,0.055,0.08,90.0,CARTESI_GENERATED,CARTESI_GENERATED
did:lcore:cell-tower-tower-2,PLACEHOLDER_FOR_CARTESI,1693735440,Online_Gaming,-58.0,30.0,4.6,4.9,80.0,CARTESI_GENERATED,CARTESI_GENERATED
did:lcore:cell-tower-tower-9,PLACEHOLDER_FOR_CARTESI,1693735440,Streaming,-93.0,44.0,3.0,3.5,85.0,CARTESI_GENERATED,CARTESI_GENERATED
did:lcore:cell-tower-tower-1,PLACEHOLDER_FOR_CARTESI,1693735440,Video_Call,-54.0,36.0,12.8,14.1,75.0,CARTESI_GENERATED,CARTESI_GENERATED
did:lcore:cell-tower-tower-8,PLACEHOLDER_FOR_CARTESI,1693735440,Video_Streaming,-96.0,41.0,2.7,3.1,70.0,CARTESI_GENERATED,CARTESI_GENERATED
did:lcore:cell-tower-tower-3,PLACEHOLDER_FOR_CARTESI,1693735440,Emergency_Service,-50.0,5.0,0.6,0.6,70.0,CARTESI_GENERATED,CARTESI_GENERATED
did:lcore:cell-tower-tower-7,PLACEHOLDER_FOR_CARTESI,1693735440,Web_Browsing,-104.0,11.0,0.2,0.2,70.0,CARTESI_GENERATED,CARTESI_GENERATED
did:lcore:cell-tower-tower-8,PLACEHOLDER_FOR_CARTESI,1693735440,Background_Download,-107.0,62.0,0.51,0.51,60.0,CARTESI_GENERATED,CARTESI_GENERATED
did:lcore:cell-tower-tower-6,PLACEHOLDER_FOR_CARTESI,1693735440,VoIP_Call,-72.0,36.0,0.05,0.075,90.0,CARTESI_GENERATED,CARTESI_GENERATED
did:lcore:cell-tower-tower-1,PLACEHOLDER_FOR_CARTESI,1693735440,Online_Gaming,-57.0,31.0,4.7,5.0,80.0,CARTESI_GENERATED,CARTESI_GENERATED
did:lcore:cell-tower-tower-8,PLACEHOLDER_FOR_CARTESI,1693735440,Streaming,-94.0,45.0,2.9,3.4,85.0,CARTESI_GENERATED,CARTESI_GENERATED
did:lcore:cell-tower-tower-3,PLACEHOLDER_FOR_CARTESI,1693735440,Video_Call,-53.0,37.0,12.9,14.2,75.0,CARTESI_GENERATED,CARTESI_GENERATED
did:lcore:cell-tower-tower-7,PLACEHOLDER_FOR_CARTESI,1693735440,Video_Streaming,-97.0,42.0,2.6,3.0,70.0,CARTESI_GENERATED,CARTESI_GENERATED
did:lcore:cell-tower-tower-2,PLACEHOLDER_FOR_CARTESI,1693735440,Emergency_Service,-49.0,5.0,0.6,0.6,70.0,CARTESI_GENERATED,CARTESI_GENERATED
did:lcore:cell-tower-tower-9,PLACEHOLDER_FOR_CARTESI,1693735440,Web_Browsing,-105.0,10.0,0.2,0.2,70.0,CARTESI_GENERATED,CARTESI_GENERATED
did:lcore:cell-tower-tower-7,PLACEHOLDER_FOR_CARTESI,1693735440,Background_Download,-108.0,63.0,0.5,0.5,60.0,CARTESI_GENERATED,CARTESI_GENERATED
did:lcore:cell-tower-tower-5,PLACEHOLDER_FOR_CARTESI,1693735440,VoIP_Call,-71.0,37.0,0.045,0.07,90.0,CARTESI_GENERATED,CARTESI_GENERATED
did:lcore:cell-tower-tower-3,PLACEHOLDER_FOR_CARTESI,1693735440,Online_Gaming,-56.0,32.0,4.8,5.1,80.0,CARTESI_GENERATED,CARTESI_GENERATED
did:lcore:cell-tower-tower-7,PLACEHOLDER_FOR_CARTESI,1693735440,Streaming,-95.0,46.0,2.8,3.3,85.0,CARTESI_GENERATED,CARTESI_GENERATED
did:lcore:cell-tower-tower-2,PLACEHOLDER_FOR_CARTESI,1693735440,Video_Call,-52.0,38.0,13.0,14.3,75.0,CARTESI_GENERATED,CARTESI_GENERATED
did:lcore:cell-tower-tower-9,PLACEHOLDER_FOR_CARTESI,1693735440,Video_Streaming,-98.0,43.0,2.5,2.9,70.0,CARTESI_GENERATED,CARTESI_GENERATED
did:lcore:cell-tower-tower-1,PLACEHOLDER_FOR_CARTESI,1693735440,Emergency_Service,-49.0,5.0,0.6,0.6,70.0,CARTESI_GENERATED,CARTESI_GENERATED
did:lcore:cell-tower-tower-8,PLACEHOLDER_FOR_CARTESI,1693735440,Web_Browsing,-105.0,9.0,0.1,0.1,70.0,CARTESI_GENERATED,CARTESI_GENERATED
did:lcore:cell-tower-tower-9,PLACEHOLDER_FOR_CARTESI,1693735440,Background_Download,-109.0,64.0,0.49,0.49,60.0,CARTESI_GENERATED,CARTESI_GENERATED
did:lcore:cell-tower-tower-1,PLACEHOLDER_FOR_CARTESI,1693735440,VoIP_Call,-70.0,38.0,0.04,0.065,90.0,CARTESI_GENERATED,CARTESI_GENERATED
did:lcore:cell-tower-tower-2,PLACEHOLDER_FOR_CARTESI,1693735440,Online_Gaming,-55.0,33.0,4.9,5.2,80.0,CARTESI_GENERATED,CARTESI_GENERATED
did:lcore:cell-tower-tower-9,PLACEHOLDER_FOR_CARTESI,1693735440,Streaming,-96.0,47.0,2.7,3.2,85.0,CARTESI_GENERATED,CARTESI_GENERATED
did:lcore:cell-tower-tower-1,PLACEHOLDER_FOR_CARTESI,1693735440,Video_Call,-51.0,39.0,13.1,14.4,75.0,CARTESI_GENERATED,CARTESI_GENERATED
did:lcore:cell-tower-tower-8,PLACEHOLDER_FOR_CARTESI,1693735440,Video_Streaming,-99.0,44.0,2.4,2.8,70.0,CARTESI_GENERATED,CARTESI_GENERATED
did:lcore:cell-tower-tower-3,PLACEHOLDER_FOR_CARTESI,1693735440,Emergency_Service,-48.0,5.0,0.5,0.5,70.0,CARTESI_GENERATED,CARTESI_GENERATED
did:lcore:cell-tower-tower-7,PLACEHOLDER_FOR_CARTESI,1693735440,Web_Browsing,-105.0,8.0,0.1,0.1,70.0,CARTESI_GENERATED,CARTESI_GENERATED
did:lcore:cell-tower-tower-8,PLACEHOLDER_FOR_CARTESI,1693735440,Background_Download,-110.0,65.0,0.48,0.48,60.0,CARTESI_GENERATED,CARTESI_GENERATED
did:lcore:cell-tower-tower-3,PLACEHOLDER_FOR_CARTESI,1693735440,VoIP_Call,-69.0,39.0,0.035,0.06,90.0,CARTESI_GENERATED,CARTESI_GENERATED
did:lcore:cell-tower-tower-1,PLACEHOLDER_FOR_CARTESI,1693735500,Online_Gaming,-54.0,34.0,5.0,5.3,80.0,CARTESI_GENERATED,CARTESI_GENERATED
did:lcore:cell-tower-tower-8,PLACEHOLDER_FOR_CARTESI,1693735500,Streaming,-97.0,48.0,2.6,3.1,85.0,CARTESI_GENERATED,CARTESI_GENERATED
did:lcore:cell-tower-tower-3,PLACEHOLDER_FOR_CARTESI,1693735500,Video_Call,-50.0,40.0,13.2,14.5,75.0,CARTESI_GENERATED,CARTESI_GENERATED
did:lcore:cell-tower-tower-7,PLACEHOLDER_FOR_CARTESI,1693735500,Video_Streaming,-100.0,45.0,2.3,2.7,70.0,CARTESI_GENERATED,CARTESI_GENERATED
did:lcore:cell-tower-tower-2,PLACEHOLDER_FOR_CARTESI,1693735500,Emergency_Service,-48.0,5.0,0.5,0.5,70.0,CARTESI_GENERATED,CARTESI_GENERATED
did:lcore:cell-tower-tower-9,PLACEHOLDER_FOR_CARTESI,1693735500,Web_Browsing,-106.0,7.0,0.1,0.1,70.0,CARTESI_GENERATED,CARTESI_GENERATED
did:lcore:cell-tower-tower-7,PLACEHOLDER_FOR_CARTESI,1693735500,Background_Download,-111.0,66.0,0.47,0.47,60.0,CARTESI_GENERATED,CARTESI_GENERATED
did:lcore:cell-tower-tower-2,PLACEHOLDER_FOR_CARTESI,1693735500,VoIP_Call,-68.0,40.0,0.03,0.055,90.0,CARTESI_GENERATED,CARTESI_GENERATED
did:lcore:cell-tower-tower-3,PLACEHOLDER_FOR_CARTESI,1693735500,Online_Gaming,-53.0,35.0,5.1,5.4,80.0,CARTESI_GENERATED,CARTESI_GENERATED
did:lcore:cell-tower-tower-7,PLACEHOLDER_FOR_CARTESI,1693735500,Streaming,-98.0,49.0,2.5,3.0,85.0,CARTESI_GENERATED,CARTESI_GENERATED
did:lcore:cell-tower-tower-2,PLACEHOLDER_FOR_CARTESI,1693735500,Video_Call,-49.0,41.0,13.3,14.6,75.0,CARTESI_GENERATED,CARTESI_GENERATED
did:lcore:cell-tower-tower-9,PLACEHOLDER_FOR_CARTESI,1693735500,Video_Streaming,-101.0,46.0,2.2,2.6,70.0,CARTESI_GENERATED,CARTESI_GENERATED
did:lcore:cell-tower-tower-1,PLACEHOLDER_FOR_CARTESI,1693735500,Emergency_Service,-47.0,5.0,0.5,0.5,70.0,CARTESI_GENERATED,CARTESI_GENERATED
did:lcore:cell-tower-tower-8,PLACEHOLDER_FOR_CARTESI,1693735500,Web_Browsing,-106.0,6.0,0.1,0.1,70.0,CARTESI_GENERATED,CARTESI_GENERATED
did:lcore:cell-tower-tower-9,PLACEHOLDER_FOR_CARTESI,1693735500,Background_Download,-112.0,67.0,0.46,0.46,60.0,CARTESI_GENERATED,CARTESI_GENERATED
did:lcore:cell-tower-tower-1,PLACEHOLDER_FOR_CARTESI,1693735500,VoIP_Call,-67.0,41.0,0.025,0.05,90.0,CARTESI_GENERATED,CARTESI_GENERATED
did:lcore:cell-tower-tower-2,PLACEHOLDER_FOR_CARTESI,1693735500,Online_Gaming,-52.0,36.0,5.2,5.5,80.0,CARTESI_GENERATED,CARTESI_GENERATED
did:lcore:cell-tower-tower-9,PLACEHOLDER_FOR_CARTESI,1693735500,Streaming,-99.0,50.0,2.4,2.9,85.0,CARTESI_GENERATED,CARTESI_GENERATED
did:lcore:cell-tower-tower-1,PLACEHOLDER_FOR_CARTESI,1693735500,Video_Call,-48.0,42.0,13.4,14.7,75.0,CARTESI_GENERATED,CARTESI_GENERATED
did:lcore:cell-tower-tower-8,PLACEHOLDER_FOR_CARTESI,1693735500,Video_Streaming,-102.0,47.0,2.1,2.5,70.0,CARTESI_GENERATED,CARTESI_GENERATED
did:lcore:cell-tower-tower-3,PLACEHOLDER_FOR_CARTESI,1693735500,Emergency_Service,-47.0,5.0,0.5,0.5,70.0,CARTESI_GENERATED,CARTESI_GENERATED
did:lcore:cell-tower-tower-7,PLACEHOLDER_FOR_CARTESI,1693735500,Web_Browsing,-107.0,5.0,0.1,0.1,70.0,CARTESI_GENERATED,CARTESI_GENERATED
did:lcore:cell-tower-tower-8,PLACEHOLDER_FOR_CARTESI,1693735500,Background_Download,-113.0,68.0,0.45,0.45,60.0,CARTESI_GENERATED,CARTESI_GENERATED
did:lcore:cell-tower-tower-3,PLACEHOLDER_FOR_CARTESI,1693735500,VoIP_Call,-66.0,42.0,0.02,0.045,90.0,CARTESI_GENERATED,CARTESI_GENERATED
did:lcore:cell-tower-tower-1,PLACEHOLDER_FOR_CARTESI,1693735500,Online_Gaming,-51.0,37.0,5.3,5.6,80.0,CARTESI_GENERATED,CARTESI_GENERATED
did:lcore:cell-tower-tower-8,PLACEHOLDER_FOR_CARTESI,1693735500,Streaming,-100.0,51.0,2.3,2.8,85.0,CARTESI_GENERATED,CARTESI_GENERATED
did:lcore:cell-tower-tower-3,PLACEHOLDER_FOR_CARTESI,1693735500,Video_Call,-47.0,43.0,13.5,14.8,75.0,CARTESI_GENERATED,CARTESI_GENERATED
did:lcore:cell-tower-tower-7,PLACEHOLDER_FOR_CARTESI,1693735500,Video_Streaming,-103.0,48.0,2.0,2.4,70.0,CARTESI_GENERATED,CARTESI_GENERATED
did:lcore:cell-tower-tower-2,PLACEHOLDER_FOR_CARTESI,1693735500,Emergency_Service,-46.0,5.0,0.5,0.5,70.0,CARTESI_GENERATED,CARTESI_GENERATED
did:lcore:cell-tower-tower-9,PLACEHOLDER_FOR_CARTESI,1693735500,Web_Browsing,-107.0,4.0,0.1,0.1,70.0,CARTESI_GENERATED,CARTESI_GENERATED
did:lcore:cell-tower-tower-7,PLACEHOLDER_FOR_CARTESI,1693735500,Background_Download,-114.0,69.0,0.44,0.44,60.0,CARTESI_GENERATED,CARTESI_GENERATED
did:lcore:cell-tower-tower-2,PLACEHOLDER_FOR_CARTESI,1693735500,VoIP_Call,-65.0,43.0,0.015,0.04,90.0,CARTESI_GENERATED,CARTESI_GENERATED
did:lcore:cell-tower-tower-3,PLACEHOLDER_FOR_CARTESI,1693735500,Online_Gaming,-50.0,38.0,5.4,5.7,80.0,CARTESI_GENERATED,CARTESI_GENERATED
did:lcore:cell-tower-tower-7,PLACEHOLDER_FOR_CARTESI,1693735500,Streaming,-101.0,52.0,2.2,2.7,85.0,CARTESI_GENERATED,CARTESI_GENERATED
did:lcore:cell-tower-tower-2,PLACEHOLDER_FOR_CARTESI,1693735500,Video_Call,-46.0,44.0,13.6,14.9,75.0,CARTESI_GENERATED,CARTESI_GENERATED
did:lcore:cell-tower-tower-9,PLACEHOLDER_FOR_CARTESI,1693735500,Video_Streaming,-104.0,49.0,1.9,2.3,70.0,CARTESI_GENERATED,CARTESI_GENERATED
did:lcore:cell-tower-tower-1,PLACEHOLDER_FOR_CARTESI,1693735500,Emergency_Service,-46.0,5.0,0.5,0.5,70.0,CARTESI_GENERATED,CARTESI_GENERATED
did:lcore:cell-tower-tower-8,PLACEHOLDER_FOR_CARTESI,1693735500,Web_Browsing,-108.0,3.0,0.1,0.1,70.0,CARTESI_GENERATED,CARTESI_GENERATED
did:lcore:cell-tower-tower-9,PLACEHOLDER_FOR_CARTESI,1693735500,Background_Download,-115.0,70.0,0.43,0.43,60.0,CARTESI_GENERATED,CARTESI_GENERATED
did:lcore:cell-tower-tower-1,PLACEHOLDER_FOR_CARTESI,1693735500,VoIP_Call,-64.0,44.0,0.01,0.035,90.0,CARTESI_GENERATED,CARTESI_GENERATED
did:lcore:cell-tower-tower-2,PLACEHOLDER_FOR_CARTESI,1693735500,Online_Gaming,-49.0,39.0,5.5,5.8,80.0,CARTESI_GENERATED,CARTESI_GENERATED
did:lcore:cell-tower-tower-9,PLACEHOLDER_FOR_CARTESI,1693735500,Streaming,-102.0,53.0,2.1,2.6,85.0,CARTESI_GENERATED,CARTESI_GENERATED
did:lcore:cell-tower-tower-1,PLACEHOLDER_FOR_CARTESI,1693735500,Video_Call,-45.0,45.0,13.7,15.0,75.0,CARTESI_GENERATED,CARTESI_GENERATED
did:lcore:cell-tower-tower-8,PLACEHOLDER_FOR_CARTESI,1693735500,Video_Streaming,-105.0,50.0,1.8,2.2,70.0,CARTESI_GENERATED,CARTESI_GENERATED
did:lcore:cell-tower-tower-3,PLACEHOLDER_FOR_CARTESI,1693735500,Emergency_Service,-45.0,5.0,0.5,0.5,70.0,CARTESI_GENERATED,CARTESI_GENERATED
did:lcore:cell-tower-tower-7,PLACEHOLDER_FOR_CARTESI,1693735500,Web_Browsing,-108.0,2.0,0.1,0.1,70.0,CARTESI_GENERATED,CARTESI_GENERATED
did:lcore:cell-tower-tower-8,PLACEHOLDER_FOR_CARTESI,1693735500,Background_Download,-116.0,71.0,0.42,0.42,60.0,CARTESI_GENERATED,CARTESI_GENERATED
did:lcore:cell-tower-tower-3,PLACEHOLDER_FOR_CARTESI,1693735500,VoIP_Call,-63.0,45.0,0.005,0.03,90.0,CARTESI_GENERATED,CARTESI_GENERATED
did:lcore:cell-tower-tower-1,PLACEHOLDER_FOR_CARTESI,1693735500,Online_Gaming,-48.0,40.0,5.6,5.9,80.0,CARTESI_GENERATED,CARTESI_GENERATED
did:lcore:cell-tower-tower-8,PLACEHOLDER_FOR_CARTESI,1693735500,Streaming,-103.0,54.0,2.0,2.5,85.0,CARTESI_GENERATED,CARTESI_GENERATED
did:lcore:cell-tower-tower-3,PLACEHOLDER_FOR_CARTESI,1693735500,Video_Call,-45.0,46.0,13.8,15.1,75.0,CARTESI_GENERATED,CARTESI_GENERATED
did:lcore:cell-tower-tower-7,PLACEHOLDER_FOR_CARTESI,1693735500,Video_Streaming,-106.0,51.0,1.7,2.1,70.0,CARTESI_GENERATED,CARTESI_GENERATED
did:lcore:cell-tower-tower-2,PLACEHOLDER_FOR_CARTESI,1693735500,Emergency_Service,-44.0,5.0,0.5,0.5,70.0,CARTESI_GENERATED,CARTESI_GENERATED
did:lcore:cell-tower-tower-9,PLACEHOLDER_FOR_CARTESI,1693735500,Web_Browsing,-109.0,1.0,0.1,0.1,70.0,CARTESI_GENERATED,CARTESI_GENERATED
did:lcore:cell-tower-tower-7,PLACEHOLDER_FOR_CARTESI,1693735500,Background_Download,-117.0,72.0,0.41,0.41,60.0,CARTESI_GENERATED,CARTESI_GENERATED
did:lcore:cell-tower-tower-2,PLACEHOLDER_FOR_CARTESI,1693735500,VoIP_Call,-62.0,46.0,0.0,0.025,90.0,CARTESI_GENERATED,CARTESI_GENERATED
did:lcore:cell-tower-tower-3,PLACEHOLDER_FOR_CARTESI,1693735500,Online_Gaming,-47.0,41.0,5.7,6.0,80.0,CARTESI_GENERATED,CARTESI_GENERATED
did:lcore:cell-tower-tower-7,PLACEHOLDER_FOR_CARTESI,1693735500,Streaming,-104.0,55.0,1.9,2.4,85.0,CARTESI_GENERATED,CARTESI_GENERATED
did:lcore:cell-tower-tower-2,PLACEHOLDER_FOR_CARTESI,1693735500,Video_Call,-44.0,47.0,13.9,15.2,75.0,CARTESI_GENERATED,CARTESI_GENERATED
did:lcore:cell-tower-tower-9,PLACEHOLDER_FOR_CARTESI,1693735500,Video_Streaming,-107.0,52.0,1.6,2.0,70.0,CARTESI_GENERATED,CARTESI_GENERATED
did:lcore:cell-tower-tower-1,PLACEHOLDER_FOR_CARTESI,1693735560,Emergency_Service,-44.0,5.0,0.5,0.5,70.0,CARTESI_GENERATED,CARTESI_GENERATED
did:lcore:cell-tower-tower-8,PLACEHOLDER_FOR_CARTESI,1693735560,Web_Browsing,-109.0,0.0,0.1,0.1,70.0,CARTESI_GENERATED,CARTESI_GENERATED
did:lcore:cell-tower-tower-9,PLACEHOLDER_FOR_CARTESI,1693735560,Background_Download,-118.0,73.0,0.4,0.4,60.0,CARTESI_GENERATED,CARTESI_GENERATED
did:lcore:cell-tower-tower-1,PLACEHOLDER_FOR_CARTESI,1693735560,VoIP_Call,-61.0,47.0,0.0,0.02,90.0,CARTESI_GENERATED,CARTESI_GENERATED
did:lcore:cell-tower-tower-2,PLACEHOLDER_FOR_CARTESI,1693735560,Online_Gaming,-46.0,42.0,5.8,6.1,80.0,CARTESI_GENERATED,CARTESI_GENERATED
did:lcore:cell-tower-tower-9,PLACEHOLDER_FOR_CARTESI,1693735560,Streaming,-105.0,56.0,1.8,2.3,85.0,CARTESI_GENERATED,CARTESI_GENERATED
did:lcore:cell-tower-tower-1,PLACEHOLDER_FOR_CARTESI,1693735560,Video_Call,-43.0,48.0,14.0,15.3,75.0,CARTESI_GENERATED,CARTESI_GENERATED
did:lcore:cell-tower-tower-8,PLACEHOLDER_FOR_CARTESI,1693735560,Video_Streaming,-108.0,53.0,1.5,1.9,70.0,CARTESI_GENERATED,CARTESI_GENERATED
did:lcore:cell-tower-tower-3,PLACEHOLDER_FOR_CARTESI,1693735560,Emergency_Service,-43.0,5.0,0.5,0.5,70.0,CARTESI_GENERATED,CARTESI_GENERATED
did:lcore:cell-tower-tower-7,PLACEHOLDER_FOR_CARTESI,1693735560,Web_Browsing,-110.0,0.0,0.1,0.1,70.0,CARTESI_GENERATED,CARTESI_GENERATED
did:lcore:cell-tower-tower-8,PLACEHOLDER_FOR_CARTESI,1693735560,Background_Download,-119.0,74.0,0.39,0.39,60.0,CARTESI_GENERATED,CARTESI_GENERATED
did:lcore:cell-tower-tower-3,PLACEHOLDER_FOR_CARTESI,1693735560,VoIP_Call,-60.0,48.0,0.0,0.015,90.0,CARTESI_GENERATED,CARTESI_GENERATED
did:lcore:cell-tower-tower-1,PLACEHOLDER_FOR_CARTESI,1693735560,Online_Gaming,-45.0,43.0,5.9,6.2,80.0,CARTESI_GENERATED,CARTESI_GENERATED
did:lcore:cell-tower-tower-8,PLACEHOLDER_FOR_CARTESI,1693735560,Streaming,-106.0,57.0,1.7,2.2,85.0,CARTESI_GENERATED,CARTESI_GENERATED
did:lcore:cell-tower-tower-3,PLACEHOLDER_FOR_CARTESI,1693735560,Video_Call,-43.0,49.0,14.1,15.4,75.0,CARTESI_GENERATED,CARTESI_GENERATED
did:lcore:cell-tower-tower-7,PLACEHOLDER_FOR_CARTESI,1693735560,Video_Streaming,-109.0,54.0,1.4,1.8,70.0,CARTESI_GENERATED,CARTESI_GENERATED
did:lcore:cell-tower-tower-2,PLACEHOLDER_FOR_CARTESI,1693735560,Emergency_Service,-42.0,5.0,0.4,0.4,70.0,CARTESI_GENERATED,CARTESI_GENERATED
did:lcore:cell-tower-tower-9,PLACEHOLDER_FOR_CARTESI,1693735560,Web_Browsing,-110.0,0.0,0.1,0.1,70.0,CARTESI_GENERATED,CARTESI_GENERATED
did:lcore:cell-tower-tower-7,PLACEHOLDER_FOR_CARTESI,1693735560,Background_Download,-120.0,75.0,0.38,0.38,60.0,CARTESI_GENERATED,CARTESI_GENERATED
did:lcore:cell-tower-tower-2,PLACEHOLDER_FOR_CARTESI,1693735560,VoIP_Call,-59.0,49.0,0.0,0.01,90.0,CARTESI_GENERATED,CARTESI_GENERATED
did:lcore:cell-tower-tower-3,PLACEHOLDER_FOR_CARTESI,1693735560,Online_Gaming,-44.0,44.0,6.0,6.3,80.0,CARTESI_GENERATED,CARTESI_GENERATED
did:lcore:cell-tower-tower-7,PLACEHOLDER_FOR_CARTESI,1693735560,Streaming,-107.0,58.0,1.6,2.1,85.0,CARTESI_GENERATED,CARTESI_GENERATED
did:lcore:cell-tower-tower-2,PLACEHOLDER_FOR_CARTESI,1693735560,Video_Call,-42.0,50.0,14.2,15.5,75.0,CARTESI_GENERATED,CARTESI_GENERATED
did:lcore:cell-tower-tower-9,PLACEHOLDER_FOR_CARTESI,1693735560,Video_Streaming,-110.0,55.0,1.3,1.7,70.0,CARTESI_GENERATED,CARTESI_GENERATED
did:lcore:cell-tower-tower-1,PLACEHOLDER_FOR_CARTESI,1693735560,Emergency_Service,-42.0,5.0,0.4,0.4,70.0,CARTESI_GENERATED,CARTESI_GENERATED
did:lcore:cell-tower-tower-8,PLACEHOLDER_FOR_CARTESI,1693735560,Web_Browsing,-111.0,0.0,0.1,0.1,70.0,CARTESI_GENERATED,CARTESI_GENERATED
did:lcore:cell-tower-tower-9,PLACEHOLDER_FOR_CARTESI,1693735560,Background_Download,-121.0,76.0,0.37,0.37,60.0,CARTESI_GENERATED,CARTESI_GENERATED
did:lcore:cell-tower-tower-1,PLACEHOLDER_FOR_CARTESI,1693735560,VoIP_Call,-58.0,50.0,0.0,0.005,90.0,CARTESI_GENERATED,CARTESI_GENERATED
did:lcore:cell-tower-tower-2,PLACEHOLDER_FOR_CARTESI,1693735560,Online_Gaming,-43.0,45.0,6.1,6.4,80.0,CARTESI_GENERATED,CARTESI_GENERATED
did:lcore:cell-tower-tower-9,PLACEHOLDER_FOR_CARTESI,1693735560,Streaming,-108.0,59.0,1.5,2.0,85.0,CARTESI_GENERATED,CARTESI_GENERATED
did:lcore:cell-tower-tower-1,PLACEHOLDER_FOR_CARTESI,1693735560,Video_Call,-41.0,51.0,14.3,15.6,75.0,CARTESI_GENERATED,CARTESI_GENERATED
did:lcore:cell-tower-tower-8,PLACEHOLDER_FOR_CARTESI,1693735560,Video_Streaming,-111.0,56.0,1.2,1.6,70.0,CARTESI_GENERATED,CARTESI_GENERATED
did:lcore:cell-tower-tower-3,PLACEHOLDER_FOR_CARTESI,1693735560,Emergency_Service,-41.0,5.0,0.4,0.4,70.0,CARTESI_GENERATED,CARTESI_GENERATED
did:lcore:cell-tower-tower-7,PLACEHOLDER_FOR_CARTESI,1693735560,Web_Browsing,-111.0,0.0,0.1,0.1,70.0,CARTESI_GENERATED,CARTESI_GENERATED
did:lcore:cell-tower-tower-8,PLACEHOLDER_FOR_CARTESI,1693735560,Background_Download,-122.0,77.0,0.36,0.36,60.0,CARTESI_GENERATED,CARTESI_GENERATED
did:lcore:cell-tower-tower-3,PLACEHOLDER_FOR_CARTESI,1693735560,VoIP_Call,-57.0,51.0,0.0,0.0,90.0,CARTESI_GENERATED,CARTESI_GENERATED
did:lcore:cell-tower-tower-1,PLACEHOLDER_FOR_CARTESI,1693735560,Online_Gaming,-42.0,46.0,6.2,6.5,80.0,CARTESI_GENERATED,CARTESI_GENERATED
did:lcore:cell-tower-tower-8,PLACEHOLDER_FOR_CARTESI,1693735560,Streaming,-109.0,60.0,1.4,1.9,85.0,CARTESI_GENERATED,CARTESI_GENERATED
did:lcore:cell-tower-tower-3,PLACEHOLDER_FOR_CARTESI,1693735560,Video_Call,-41.0,52.0,14.4,15.7,75.0,CARTESI_GENERATED,CARTESI_GENERATED
did:lcore:cell-tower-tower-7,PLACEHOLDER_FOR_CARTESI,1693735560,Video_Streaming,-112.0,57.0,1.1,1.5,70.0,CARTESI_GENERATED,CARTESI_GENERATED
did:lcore:cell-tower-tower-2,PLACEHOLDER_FOR_CARTESI,1693735560,Emergency_Service,-40.0,5.0,0.4,0.4,70.0,CARTESI_GENERATED,CARTESI_GENERATED
did:lcore:cell-tower-tower-9,PLACEHOLDER_FOR_CARTESI,1693735560,Web_Browsing,-112.0,0.0,0.1,0.1,70.0,CARTESI_GENERATED,CARTESI_GENERATED
did:lcore:cell-tower-tower-7,PLACEHOLDER_FOR_CARTESI,1693735560,Background_Download,-123.0,78.0,0.35,0.35,60.0,CARTESI_GENERATED,CARTESI_GENERATED
did:lcore:cell-tower-tower-2,PLACEHOLDER_FOR_CARTESI,1693735560,VoIP_Call,-56.0,52.0,0.0,0.0,90.0,CARTESI_GENERATED,CARTESI_GENERATED
did:lcore:cell-tower-tower-3,PLACEHOLDER_FOR_CARTESI,1693735560,Online_Gaming,-41.0,47.0,6.3,6.6,80.0,CARTESI_GENERATED,CARTESI_GENERATED
did:lcore:cell-tower-tower-7,PLACEHOLDER_FOR_CARTESI,1693735560,Streaming,-110.0,61.0,1.3,1.8,85.0,CARTESI_GENERATED,CARTESI_GENERATED
did:lcore:cell-tower-tower-2,PLACEHOLDER_FOR_CARTESI,1693735560,Video_Call,-40.0,53.0,14.5,15.8,75.0,CARTESI_GENERATED,CARTESI_GENERATED
did:lcore:cell-tower-tower-9,PLACEHOLDER_FOR_CARTESI,1693735560,Video_Streaming,-113.0,58.0,1.0,1.4,70.0,CARTESI_GENERATED,CARTESI_GENERATED
did:lcore:cell-tower-tower-1,PLACEHOLDER_FOR_CARTESI,1693735560,Emergency_Service,-40.0,5.0,0.4,0.4,70.0,CARTESI_GENERATED,CARTESI_GENERATED
did:lcore:cell-tower-tower-8,PLACEHOLDER_FOR_CARTESI,1693735560,Web_Browsing,-113.0,0.0,0.1,0.1,70.0,CARTESI_GENERATED,CARTESI_GENERATED
